payment_source_name,ldh_payment_category,dp_2024,dp_2025,cs_2024,cs_2025,upl_2024,upl_2025,dsh_2024,dsh_2025,ccn,discharges_2024,days_2024,adc_2024
Acadian Medical Center,Other Rural,,8178377.455168805,,236.0,,,,,190318,1286.0,6378.0,17.473972602739725
Abbeville General Hospital,Small Rural,,12489699.2850304,13891.2,2618.0,,,,,190034,2314.0,10708.0,29.336986301369862
Acadia St Landry Hospital,Critical Access Hospital (CAH),,1803852.5235611382,205.0,3874.0,,,,,191319,454.0,2528.0,6.926027397260274
Allen Parish Hospital,Small Rural,,3885443.7064936254,1616.0,,,,,,190133,1196.0,7621.0,20.87945205479452
Assumption Community Hospital,REH/Small Rural,,2472259.7013664367,15815.0,1945.0,,,,,191303,0.0,0.0,0.0
Avoyelles Hospital,Small Rural,,3073224.3534831735,13939.0,5849.0,,,,,190099,443.0,1934.0,5.298630136986302
Bayou Bend (Franklin Foundation Hospital),Critical Access Hospital (CAH),,4885816.855684429,40286.0,3795.0,869343.0,1045252.0,,,191310,444.0,1574.0,4.3123287671232875
Beauregard Memorial Hospital,Small Rural,,12851736.700656045,5588.0,1342.0,,,,,190050,1184.0,4704.0,12.887671232876713
Bienville Medical Center,Critical Access Hospital (CAH),,871852.0159228097,1473.0,,,,,,191320,21.0,82.0,0.22465753424657534
Bunkie General Hospital,Critical Access Hospital (CAH),,2308342.794855477,4047.0,,,,,,191311,30.0,95.0,0.2602739726027397
Byrd Regional Hospital,Small Rural,,8072210.032233211,,170.0,,,,,190164,1666.0,7307.0,20.019178082191782
Caldwell Memorial Hospital,Small Rural,,2264818.787275378,,95.0,,,,,190190,374.0,4082.0,11.183561643835617
Christus Coushatta Health Care Center,Critical Access Hospital (CAH),,3791431.143353812,,23258.0,,,,,191312,500.0,2089.0,5.723287671232876
Citizens Medical Center,Small Rural,,2689699.7357544736,2158.0,334.0,,,,,190184,371.0,1505.0,4.123287671232877
Claiborne Memorial Medical Ctr. (PayTo: Homer Memorial Hospital),Small Rural,,4227952.363223594,709.0,,,,,,190114,886.0,3987.0,10.923287671232877
DeQuincy Memorial Hospital,Critical Access Hospital (CAH),,1381146.6280382532,,,,,,,191307,233.0,2242.0,6.142465753424657
DeSoto Regional Health System,Sole Community Hopsital (SCH)/Small Rural,,3740523.4283565767,18595.0,16411.0,,,,,190118,372.0,1686.0,4.619178082191781
East Carroll Parish Hospital,Small Rural,,2345910.80244884,,,,,,,190208,187.0,709.0,1.9424657534246574
Franklin Medical Center,Small Rural,,5764458.78424624,15086.0,7583.0,,,,,190140,619.0,2897.0,7.936986301369863
Hardtner Medical Center,Critical Access Hospital (CAH),,4345498.738827794,34561.6,,,,,,191315,407.0,2210.0,6.054794520547945
Hood Memorial Hospital,Critical Access Hospital (CAH),,2957025.289694987,1475.0,1247.0,,,,,191309,26.0,98.0,0.2684931506849315
Jackson Parish Hospital,Critical Access Hospital (CAH),,3298988.7286653677,756.0,2660.0,,,,,191317,269.0,1066.0,2.9205479452054797
Lady of the Sea General Hospital,Critical Access Hospital (CAH),,2101785.6400866634,5919.7,6345.0,,,,,191325,11.0,11.0,0.030136986301369864
Lallie Kemp,Critical Access Hospital (CAH),,,,,,,8608084.0,8833704.0,191321,354.0,1287.0,3.526027397260274
Lasalle General Hospital,Small Rural,,2934530.975218392,39550.0,,,,,,190145,658.0,6169.0,16.9013698630137
Madison Parish Hospital,Critical Access Hospital (CAH),,3163394.0810337514,,1074.0,,,,,191314,82.0,309.0,0.8465753424657534
Mercy Regional Medical Center,Other Rural,,3570706.064853985,,538.0,,,,,190167,1283.0,8436.0,23.112328767123287
Minden Medical Center,Other Rural,,5607870.961621545,,,,,,,190144,2339.0,13549.0,37.12054794520548
Morehouse General Hospital,Small Rural,,5793147.613024861,,11617.0,,,,,190116,921.0,3770.0,10.32876712328767
Natchitoches Regional Medical Center,Sole Community Hopsital (SCH)/Small Rural,,12710565.610894982,46691.0,50454.0,,,,,190007,2086.0,10974.0,30.065753424657533
North Caddo Memorial Hospital,Critical Access Hospital (CAH),,3069398.0878874823,20175.8,9995.0,,,,,191304,322.0,1368.0,3.747945205479452
Northern Louisiana Medical Center,Other Rural,,6277434.741579402,414.0,,,,,,190086,2894.0,12895.0,35.32876712328767
Oakdale Community Hospital,Small Rural,,2168215.4143236373,25190.0,,,,,,190106,459.0,2032.0,5.567123287671233
Ochsner Abrom Kaplan Memorial Hospital,Critical Access Hospital (CAH),,4194267.2653276194,6691.0,,,,,,191322,579.0,3218.0,8.816438356164383
Ochsner American Legion Hospital (formerly: Jennings American Legion Hospital),Small Rural,,7514405.760190697,2897.7,3811.0,,,,,190053,2451.0,8288.0,22.706849315068492
Ochsner St Martin Hospital,Critical Access Hospital (CAH),,6745043.677504188,20523.0,8649.0,,,,,191302,367.0,1104.0,3.0246575342465754
Ochsner St Mary (formerly: Teche Regional Medical Center),Sole Community Hopsital (SCH)/Other Rural,,7422181.9704178525,4748.0,34018.0,,,59486.0,,190014,1658.0,9125.0,25.0
Ochsner St. Anne General Hospital,Critical Access Hospital (CAH),,10840792.275486888,5973.5,2594.0,,,,,191324,1707.0,6874.0,18.832876712328765
Our Lady of the Angels Hospital,Other Rural,,7837143.531503819,117336.0,122368.0,,,5909525.0,,190312,1960.0,8597.0,23.553424657534247
Pointe Coupee General Hospital,Critical Access Hospital (CAH),,2478887.502283871,11999.0,466.0,,,,,191316,81.0,341.0,0.9342465753424658
Prevost Memorial Hospital,Critical Access Hospital (CAH),,1299518.0412208221,4332.0,18180.0,,,,,191308,2.0,4.0,0.010958904109589041
Reeves Memorial Medical Center,Critical Access Hospital (CAH),,699875.1555256183,5723.0,822.0,,,,,191326,101.0,383.0,1.0493150684931507
Richardson Medical Center,Small Rural,,4312656.891221261,14407.7,6676.0,,,,,190151,395.0,1780.0,4.876712328767123
Richland Parish Hospital,Critical Access Hospital (CAH),,3461748.3160437807,12384.0,,,,,,191323,228.0,829.0,2.271232876712329
Riverside Medical Center - Franklinton,Critical Access Hospital (CAH),,4527033.414722881,22307.0,5856.0,,,,,191313,86.0,227.0,0.6219178082191781
Sabine Medical Center,Sole Community Hopsital (SCH)/Small Rural,,2694876.240488023,5533.0,1566.0,,,,,190218,306.0,1042.0,2.8547945205479452
Savoy Medical Center,Other Rural,,10663473.993055424,8948.0,15926.0,,,,,190025,1369.0,9312.0,25.512328767123286
Springhill Medical Center,Small Rural,,2760595.7446310804,5309.2,,,,,,190088,601.0,3054.0,8.367123287671232
St Bernard Parish Hospital,Small Rural,,8508922.259029634,15325.0,11626.0,,,,,190308,1375.0,3775.0,10.342465753424657
St Charles Hospital - Luling,Small Rural,,10587083.990859585,,5000.0,,,,,190079,1986.0,10912.0,29.895890410958906
St Helena Parish Hospital,Critical Access Hospital (CAH),,1491887.8931451412,4779.0,,,,,,191300,12.0,50.0,0.136986301369863
St James Parish Hospital,Critical Access Hospital (CAH),,3644474.5041436017,17441.3,52410.0,,,,,191305,184.0,534.0,1.463013698630137
Trinity Medical (formerly: Riverland Medical Center),Critical Access Hospital (CAH),,3735663.3709532996,765.0,140.0,,,,,191318,537.0,1865.0,5.109589041095891
Union General Hospital,Critical Access Hospital (CAH),,2678538.9288384444,4948.0,6253.0,,,,,191301,194.0,658.0,1.8027397260273972
West Carroll Memorial Hospital,Critical Access Hospital (CAH),,2601903.0931081325,146.9,,4510280.0,4533402.0,,,191327,447.0,1357.0,3.717808219178082
West Feliciana Parish Hospital,Critical Access Hospital (CAH),,3902178.310355862,15192.599999999999,8357.0,,,,,191306,10.0,19.0,0.052054794520547946
Winn Parish Medical Center,Small Rural,,1703641.246464535,7460.0,,,,,,190090,404.0,1511.0,4.13972602739726
Glenwood Regional Medical Center,,,8972357.0,,,,,,,190160,,,
