ZIP Code,City/Parish,Population,Classification,Passes Active Filters,Rural Designation (RUCA Category),Broadband Deserts,Social Vulnerability (Poverty),Social Vulnerability (Food Access),Transportation (Vehicle Ownership),Healthcare Facility (Specialty),Healthcare Facility (Acute),Diabetes Prevalence,Population
70001,70001,39193,Urban,Yes,1,0.44,14.6,5,2.9032191502873874,0,1,10.5,39193
70002,70002,19240,Urban,Yes,1,0.44,14.6,5,2.9032191502873874,0,2,10.5,19240
70003,70003,39714,Urban,Yes,1,0.44,14.6,5,2.9032191502873874,0,0,10.5,39714
70005,70005,23257,Urban,Yes,1,0.44,14.6,5,2.9032191502873874,0,0,10.5,23257
70006,70006,16013,Urban,Yes,1,0.44,14.6,5,2.9032191502873874,0,1,10.5,16013
70030,70030,4028,Urban,Yes,2,2.67,11.1,11,1.1879442815811154,0,0,9.6,4028
70031,70031,1473,Urban,Yes,2,2.67,11.1,11,1.1879442815811154,0,0,9.6,1473
70032,70032,4436,Urban,Yes,1,2.3,19.2,16,2.5705072891593623,0,0,11.1,4436
70036,70036,688,Urban,Yes,2,0.44,14.6,5,2.9032191502873874,0,0,10.5,688
70037,70037,16792,Urban,Yes,1,17.67,15.1,20,1.8665522420081528,0,0,8,16792
70038,70038,29,Rural,Yes,10,17.67,15.1,20,1.8665522420081528,0,0,8,29
70039,70039,2248,Urban,Yes,1,2.67,11.1,11,1.1879442815811154,0,0,9.6,2248
70040,70040,978,Urban,Yes,2,17.67,15.1,20,1.8665522420081528,0,0,8,978
70041,70041,2092,Rural,Yes,10,17.67,15.1,20,1.8665522420081528,0,0,8,2092
70043,70043,22461,Urban,Yes,1,2.3,19.2,16,2.5705072891593623,0,1,11.1,22461
70047,70047,13354,Urban,Yes,1,2.67,11.1,11,1.1879442815811154,0,0,9.6,13354
70049,70049,1521,Urban,Yes,2,0.04,16,13,1.469537464869242,0,0,10.6,1521
70050,70050,0,Urban,Yes,2,17.67,15.1,20,1.8665522420081528,0,0,8,0
70051,70051,1913,Urban,Yes,1,0.04,16,13,1.469537464869242,0,0,10.6,1913
70052,70052,2931,Urban,Yes,1,0.84,16.6,9,3.1508213041314086,0,0,11,2931
70053,70053,16409,Urban,Yes,1,0.44,14.6,5,2.9032191502873874,0,0,10.5,16409
70056,70056,42471,Urban,Yes,1,0.44,14.6,5,2.9032191502873874,2,0,10.5,42471
70057,70057,4475,Urban,Yes,1,2.67,11.1,11,1.1879442815811154,0,0,9.6,4475
70058,70058,39690,Urban,Yes,1,0.44,14.6,5,2.9032191502873874,0,0,10.5,39690
70062,70062,17765,Urban,Yes,1,0.44,14.6,5,2.9032191502873874,0,0,10.5,17765
70065,70065,48979,Urban,Yes,1,0.44,14.6,5,2.9032191502873874,1,2,10.5,48979
70066,70066,44787,Urban,Yes,1,2.67,11.1,11,1.1879442815811154,0,0,9.6,44787
70067,70067,2687,Urban,Yes,2,0.44,14.6,5,2.9032191502873874,0,0,10.5,2687
70068,70068,33041,Urban,Yes,1,0.04,16,13,1.469537464869242,1,0,10.6,33041
70070,70070,13873,Urban,Yes,1,2.67,11.1,11,1.1879442815811154,0,1,9.6,13873
70071,70071,3123,Urban,Yes,1,0.84,16.6,9,3.1508213041314086,2,2,11,3123
70072,70072,55641,Urban,Yes,1,0.44,14.6,5,2.9032191502873874,1,1,10.5,55641
70075,70075,5349,Urban,Yes,1,2.3,19.2,16,2.5705072891593623,0,0,11.1,5349
70076,70076,132,Urban,Yes,1,0.04,16,13,1.469537464869242,0,0,10.6,132
70079,70079,2822,Urban,Yes,1,2.67,11.1,11,1.1879442815811154,0,0,9.6,2822
70080,70080,744,Urban,Yes,2,2.67,11.1,11,1.1879442815811154,0,0,9.6,744
70082,70082,552,Urban,Yes,2,17.67,15.1,20,1.8665522420081528,0,0,8,552
70083,70083,2456,Urban,Yes,2,17.67,15.1,20,1.8665522420081528,0,0,8,2456
70084,70084,5273,Urban,Yes,1,0.04,16,13,1.469537464869242,0,0,10.6,5273
70085,70085,4952,Urban,Yes,1,2.3,19.2,16,2.5705072891593623,0,0,11.1,4952
70086,70086,1516,Urban,Yes,2,0.84,16.6,9,3.1508213041314086,0,0,11,1516
70087,70087,6939,Urban,Yes,1,2.67,11.1,11,1.1879442815811154,0,0,9.6,6939
70090,70090,7471,Urban,Yes,2,0.84,16.6,9,3.1508213041314086,0,0,11,7471
70091,70091,361,Rural,Yes,10,17.67,15.1,20,1.8665522420081528,0,0,8,361
70092,70092,6784,Urban,Yes,1,2.3,19.2,16,2.5705072891593623,0,0,11.1,6784
70094,70094,32031,Urban,Yes,1,0.44,14.6,5,2.9032191502873874,0,0,10.5,32031
70112,70112,3646,Urban,Yes,1,0.7,23.5,9,7.132867868183634,0,2,10.3,3646
70113,70113,9888,Urban,Yes,1,0.7,23.5,9,7.132867868183634,0,0,10.3,9888
70114,70114,22132,Urban,Yes,1,0.7,23.5,9,7.132867868183634,0,0,10.3,22132
70115,70115,31737,Urban,Yes,1,0.7,23.5,9,7.132867868183634,2,1,10.3,31737
70116,70116,10377,Urban,Yes,1,0.7,23.5,9,7.132867868183634,0,0,10.3,10377
70117,70117,26250,Urban,Yes,1,0.7,23.5,9,7.132867868183634,0,0,10.3,26250
70118,70118,36061,Urban,Yes,1,0.7,23.5,9,7.132867868183634,2,0,10.3,36061
70119,70119,36167,Urban,Yes,1,0.7,23.5,9,7.132867868183634,1,0,10.3,36167
70121,70121,10853,Urban,Yes,1,0.44,14.6,5,2.9032191502873874,2,1,10.5,10853
70122,70122,35318,Urban,Yes,1,0.7,23.5,9,7.132867868183634,0,0,10.3,35318
70123,70123,27209,Urban,Yes,1,0.44,14.6,5,2.9032191502873874,1,0,10.5,27209
70124,70124,20840,Urban,Yes,1,0.7,23.5,9,7.132867868183634,0,0,10.3,20840
70125,70125,18422,Urban,Yes,1,0.7,23.5,9,7.132867868183634,0,0,10.3,18422
70126,70126,28690,Urban,Yes,1,0.7,23.5,9,7.132867868183634,0,0,10.3,28690
70127,70127,24769,Urban,Yes,1,0.7,23.5,9,7.132867868183634,0,1,10.3,24769
70128,70128,22973,Urban,Yes,1,0.7,23.5,9,7.132867868183634,2,0,10.3,22973
70129,70129,10219,Urban,Yes,1,0.7,23.5,9,7.132867868183634,0,0,10.3,10219
70130,70130,12883,Urban,Yes,1,0.7,23.5,9,7.132867868183634,0,2,10.3,12883
70131,70131,25460,Urban,Yes,1,0.7,23.5,9,7.132867868183634,0,0,10.3,25460
70163,70163,0,Urban,Yes,1,0.7,23.5,9,7.132867868183634,0,0,10.3,0
70301,70301,48820,Urban,Yes,1,0.56,17.5,8,3.0065830076116025,0,1,11.2,48820
70339,70339,4510,Urban,Yes,2,1.1,18.8,1,3.5932975744054683,0,0,10,4510
70341,70341,3857,Urban,Yes,2,1.1,18.8,1,3.5932975744054683,0,0,10,3857
70342,70342,4732,Rural,Yes,4,1.33,23.8,10,4.226900680050495,0,0,12,4732
70343,70343,5271,Urban,Yes,1,0.31,19,11,3.0258492403226103,0,0,13.2,5271
70344,70344,5151,Urban,Yes,1,0.31,19,11,3.0258492403226103,0,0,13.2,5151
70345,70345,8678,Rural,Yes,4,0.56,17.5,8,3.0065830076116025,0,2,11.2,8678
70346,70346,9831,Urban,Yes,2,1.03,9.6,10,1.3530435604419837,0,2,10.5,9831
70353,70353,522,Rural,Yes,1,0.31,19,11,3.0258492403226103,0,0,13.2,522
70354,70354,3547,Rural,Yes,4,0.56,17.5,8,3.0065830076116025,0,0,11.2,3547
70355,70355,1040,Urban,Yes,2,0.56,17.5,8,3.0065830076116025,0,0,11.2,1040
70356,70356,1473,Urban,Yes,2,0.31,19,11,3.0258492403226103,0,0,13.2,1473
70357,70357,2401,Rural,Yes,4,0.56,17.5,8,3.0065830076116025,0,0,11.2,2401
70358,70358,644,Rural,Yes,10,0.44,14.6,5,2.9032191502873874,0,0,10.5,644
70359,70359,9472,Urban,Yes,1,0.31,19,11,3.0258492403226103,0,0,13.2,9472
70360,70360,28810,Urban,Yes,1,0.31,19,11,3.0258492403226103,2,3,13.2,28810
70363,70363,24668,Urban,Yes,1,0.31,19,11,3.0258492403226103,0,1,13.2,24668
70364,70364,28990,Urban,Yes,1,0.31,19,11,3.0258492403226103,2,0,13.2,28990
70372,70372,1846,Rural,Yes,6,1.1,18.8,1,3.5932975744054683,0,0,10,1846
70373,70373,5700,Rural,Yes,4,0.56,17.5,8,3.0065830076116025,0,0,11.2,5700
70374,70374,6506,Urban,Yes,1,0.56,17.5,8,3.0065830076116025,0,0,11.2,6506
70375,70375,158,Urban,Yes,2,0.56,17.5,8,3.0065830076116025,0,0,11.2,158
70377,70377,3386,Urban,Yes,2,0.31,19,11,3.0258492403226103,0,0,13.2,3386
70380,70380,21043,Rural,Yes,4,1.33,23.8,10,4.226900680050495,0,1,12,21043
70390,70390,7397,Rural,Yes,10,1.1,18.8,1,3.5932975744054683,0,3,10,7397
70391,70391,73,Urban,Yes,2,1.1,18.8,1,3.5932975744054683,0,0,10,73
70392,70392,8158,Rural,Yes,4,1.33,23.8,10,4.226900680050495,0,0,12,8158
70393,70393,154,Urban,Yes,2,1.1,18.8,1,3.5932975744054683,0,0,10,154
70394,70394,13683,Urban,Yes,1,0.56,17.5,8,3.0065830076116025,0,1,11.2,13683
70395,70395,4266,Urban,Yes,1,0.31,19,11,3.0258492403226103,0,0,13.2,4266
70397,70397,867,Urban,Yes,2,0.31,19,11,3.0258492403226103,0,0,13.2,867
70401,70401,21901,Urban,Yes,1,9.05,21.7,17,2.138063350578188,0,0,10.8,21901
70403,70403,30835,Urban,Yes,1,9.05,21.7,17,2.138063350578188,7,3,10.8,30835
70420,70420,7965,Urban,Yes,2,1.63,11.5,8,1.4562231372666887,0,0,9.2,7965
70422,70422,13670,Rural,Yes,10,9.05,21.7,17,2.138063350578188,0,1,10.8,13670
70426,70426,5880,Rural,Yes,6,34,24.9,4,3.8010282550424046,0,0,13,5880
70427,70427,17564,Rural,Yes,4,34,24.9,4,3.8010282550424046,1,2,13,17564
70431,70431,5150,Urban,Yes,2,1.63,11.5,8,1.4562231372666887,0,0,9.2,5150
70433,70433,41770,Urban,Yes,1,1.63,11.5,8,1.4562231372666887,6,2,9.2,41770
70435,70435,21525,Urban,Yes,2,1.63,11.5,8,1.4562231372666887,0,0,9.2,21525
70436,70436,405,Rural,Yes,10,9.05,21.7,17,2.138063350578188,0,0,10.8,405
70437,70437,7696,Urban,Yes,2,1.63,11.5,8,1.4562231372666887,0,0,9.2,7696
70438,70438,19935,Rural,Yes,10,34,24.9,4,3.8010282550424046,0,1,13,19935
70441,70441,6074,Rural,Yes,2,41.4,19.6,3,3.9643119941133187,0,1,8.2,6074
70442,70442,189,Rural,Yes,10,9.05,21.7,17,2.138063350578188,0,0,10.8,189
70443,70443,8359,Urban,Yes,2,9.05,21.7,17,2.138063350578188,0,1,10.8,8359
70444,70444,9307,Rural,Yes,10,9.05,21.7,17,2.138063350578188,1,0,10.8,9307
70445,70445,9421,Urban,Yes,2,1.63,11.5,8,1.4562231372666887,4,0,9.2,9421
70446,70446,6871,Urban,Yes,3,9.05,21.7,17,2.138063350578188,0,0,10.8,6871
70447,70447,17473,Urban,Yes,1,1.63,11.5,8,1.4562231372666887,0,0,9.2,17473
70448,70448,25851,Urban,Yes,1,1.63,11.5,8,1.4562231372666887,1,0,9.2,25851
70449,70449,3005,Urban,Yes,2,1.69,12,8,1.4383824298413805,0,0,10.3,3005
70450,70450,2785,Rural,Yes,10,34,24.9,4,3.8010282550424046,0,0,13,2785
70451,70451,73,Urban,Yes,1,9.05,21.7,17,2.138063350578188,0,0,10.8,73
70452,70452,13290,Urban,Yes,1,1.63,11.5,8,1.4562231372666887,0,0,9.2,13290
70453,70453,1053,Rural,Yes,2,41.4,19.6,3,3.9643119941133187,0,0,8.2,1053
70454,70454,33220,Urban,Yes,1,9.05,21.7,17,2.138063350578188,0,0,10.8,33220
70455,70455,2456,Urban,Yes,3,9.05,21.7,17,2.138063350578188,0,0,10.8,2456
70456,70456,2587,Rural,Yes,10,9.05,21.7,17,2.138063350578188,0,0,10.8,2587
70458,70458,39385,Urban,Yes,1,1.63,11.5,8,1.4562231372666887,0,3,9.2,39385
70460,70460,21880,Urban,Yes,1,1.63,11.5,8,1.4562231372666887,0,0,9.2,21880
70461,70461,33572,Urban,Yes,1,1.63,11.5,8,1.4562231372666887,0,0,9.2,33572
70462,70462,5428,Urban,Yes,3,1.69,12,8,1.4383824298413805,0,0,10.3,5428
70463,70463,74,Urban,Yes,2,1.63,11.5,8,1.4562231372666887,0,0,9.2,74
70464,70464,210,Urban,Yes,2,1.63,11.5,8,1.4562231372666887,0,0,9.2,210
70465,70465,495,Rural,Yes,10,9.05,21.7,17,2.138063350578188,0,0,10.8,495
70466,70466,9815,Urban,Yes,1,9.05,21.7,17,2.138063350578188,0,0,10.8,9815
70471,70471,23745,Urban,Yes,1,1.63,11.5,8,1.4562231372666887,0,1,9.2,23745
70501,70501,26956,Urban,Yes,1,2.02,16.6,9,2.6067646756451115,1,0,10.5,26956
70503,70503,28883,Urban,Yes,1,2.02,16.6,9,2.6067646756451115,0,1,10.5,28883
70506,70506,41550,Urban,Yes,1,2.02,16.6,9,2.6067646756451115,3,3,10.5,41550
70507,70507,19215,Urban,Yes,1,2.02,16.6,9,2.6067646756451115,1,0,10.5,19215
70508,70508,39364,Urban,Yes,1,2.02,16.6,9,2.6067646756451115,8,4,10.5,39364
70510,70510,23909,Rural,Yes,4,2.61,17,4,3.4526764798433622,0,1,9.7,23909
70512,70512,10703,Rural,Yes,2,3.42,22.6,11,3.6185724320003874,0,0,9,10703
70513,70513,12,Rural,Yes,5,0.03,21.9,6,4.419794733983247,0,0,11.2,12
70514,70514,1757,Rural,Yes,7,1.33,23.8,10,4.226900680050495,0,0,12,1757
70515,70515,4182,Rural,Yes,10,15.7,28.6,6,4.175042523581259,0,0,9,4182
70516,70516,1225,Rural,Yes,2,14.279999999999998,20.3,3,3.426153899504109,0,0,11.3,1225
70517,70517,26570,Urban,Yes,2,0.63,18.7,6,3.041113853748843,1,1,10.5,26570
70518,70518,16667,Urban,Yes,1,2.02,16.6,9,2.6067646756451115,1,0,10.5,16667
70520,70520,20134,Urban,Yes,1,2.02,16.6,9,2.6067646756451115,0,0,10.5,20134
70521,70521,7713,Urban,Yes,2,0.63,18.7,6,3.041113853748843,0,0,10.5,7713
70523,70523,444,Rural,Yes,10,1.33,23.8,10,4.226900680050495,0,0,12,444
70524,70524,262,Rural,Yes,10,15.7,28.6,6,4.175042523581259,0,0,9,262
70525,70525,15333,Rural,Yes,10,14.279999999999998,20.3,3,3.426153899504109,0,2,11.3,15333
70526,70526,16740,Rural,Yes,4,14.279999999999998,20.3,3,3.426153899504109,0,1,11.3,16740
70528,70528,2692,Urban,Yes,2,2.61,17,4,3.4526764798433622,0,0,9.7,2692
70529,70529,13557,Urban,Yes,2,2.02,16.6,9,2.6067646756451115,0,0,10.5,13557
70531,70531,1369,Rural,Yes,10,14.279999999999998,20.3,3,3.426153899504109,0,0,11.3,1369
70532,70532,2653,Rural,Yes,3,0.8699999999999999,19.1,8,2.072683334882424,0,0,7.5,2653
70533,70533,6793,Rural,Yes,4,2.61,17,4,3.4526764798433622,0,0,9.7,6793
70534,70534,630,Rural,Yes,10,14.279999999999998,20.3,3,3.426153899504109,0,0,11.3,630
70535,70535,17813,Rural,Yes,4,3.42,22.6,11,3.6185724320003874,0,2,9,17813
70537,70537,366,Rural,Yes,3,14.279999999999998,20.3,3,3.426153899504109,0,0,11.3,366
70538,70538,12561,Rural,Yes,7,1.33,23.8,10,4.226900680050495,0,1,12,12561
70540,70540,41062,Rural,Yes,8,1.33,23.8,10,4.226900680050495,0,0,12,41062
70541,70541,885,Rural,Yes,4,3.42,22.6,11,3.6185724320003874,0,0,9,885
70542,70542,3499,Rural,Yes,10,2.61,17,4,3.4526764798433622,0,0,9.7,3499
70543,70543,4233,Rural,Yes,10,14.279999999999998,20.3,3,3.426153899504109,0,0,11.3,4233
70544,70544,10407,Rural,Yes,5,0.03,21.9,6,4.419794733983247,0,0,11.2,10407
70546,70546,15821,Rural,Yes,7,0.8699999999999999,19.1,8,2.072683334882424,2,1,7.5,15821
70548,70548,9077,Urban,Yes,2,2.61,17,4,3.4526764798433622,0,1,9.7,9077
70549,70549,3580,Rural,Yes,8,0.8699999999999999,19.1,8,2.072683334882424,0,0,7.5,3580
70550,70550,38,Rural,Yes,6,3.42,22.6,11,3.6185724320003874,0,0,9,38
70552,70552,1112,Rural,Yes,5,0.03,21.9,6,4.419794733983247,0,0,11.2,1112
70554,70554,5028,Rural,Yes,10,15.7,28.6,6,4.175042523581259,0,1,9,5028
70555,70555,8657,Urban,Yes,2,2.61,17,4,3.4526764798433622,0,0,9.7,8657
70556,70556,570,Rural,Yes,10,14.279999999999998,20.3,3,3.426153899504109,0,0,11.3,570
70558,70558,24,Urban,Yes,1,2.02,16.6,9,2.6067646756451115,0,0,10.5,24
70559,70559,2853,Rural,Yes,10,14.279999999999998,20.3,3,3.426153899504109,0,0,11.3,2853
70560,70560,37589,Rural,Yes,4,0.03,21.9,6,4.419794733983247,1,0,11.2,37589
70563,70563,19947,Rural,Yes,4,0.03,21.9,6,4.419794733983247,0,0,11.2,19947
70570,70570,37188,Rural,Yes,4,3.42,22.6,11,3.6185724320003874,1,1,9,37188
70576,70576,1214,Rural,Yes,3,15.7,28.6,6,4.175042523581259,0,0,9,1214
70577,70577,3808,Rural,Yes,2,3.42,22.6,11,3.6185724320003874,0,0,9,3808
70578,70578,16279,Rural,Yes,2,14.279999999999998,20.3,3,3.426153899504109,0,0,11.3,16279
70580,70580,224,Rural,Yes,10,15.7,28.6,6,4.175042523581259,0,0,9,224
70581,70581,1317,Rural,Yes,2,0.8699999999999999,19.1,8,2.072683334882424,0,0,7.5,1317
70582,70582,19159,Urban,Yes,2,0.63,18.7,6,3.041113853748843,0,0,10.5,19159
70583,70583,8670,Urban,Yes,1,2.02,16.6,9,2.6067646756451115,0,0,10.5,8670
70584,70584,6865,Rural,Yes,2,3.42,22.6,11,3.6185724320003874,0,0,9,6865
70585,70585,263,Rural,Yes,3,15.7,28.6,6,4.175042523581259,0,0,9,263
70586,70586,18939,Rural,Yes,7,15.7,28.6,6,4.175042523581259,0,1,9,18939
70589,70589,3138,Rural,Yes,10,3.42,22.6,11,3.6185724320003874,0,0,9,3138
70591,70591,5635,Rural,Yes,2,0.8699999999999999,19.1,8,2.072683334882424,0,0,7.5,5635
70592,70592,31608,Urban,Yes,1,2.02,16.6,9,2.6067646756451115,0,0,10.5,31608
70601,70601,31843,Urban,Yes,1,4.53,18.9,13,2.2617070740617735,2,2,10.5,31843
70605,70605,40715,Urban,Yes,1,4.53,18.9,13,2.2617070740617735,1,1,10.5,40715
70607,70607,28285,Urban,Yes,1,4.53,18.9,13,2.2617070740617735,0,0,10.5,28285
70611,70611,20681,Urban,Yes,1,4.53,18.9,13,2.2617070740617735,0,0,10.5,20681
70615,70615,13521,Urban,Yes,1,4.53,18.9,13,2.2617070740617735,0,0,10.5,13521
70630,70630,2027,Urban,Yes,2,4.53,18.9,13,2.2617070740617735,0,0,10.5,2027
70631,70631,326,Rural,Yes,10,40.73,13.699999999999998,6,0.6058380760051404,0,0,7.7,326
70632,70632,92,Rural,Yes,10,40.73,13.699999999999998,6,0.6058380760051404,0,0,7.7,92
70633,70633,8178,Rural,Yes,2,4.53,18.9,13,2.2617070740617735,0,2,10.5,8178
70634,70634,25038,Rural,Yes,4,38.4,14.3,21,2.024457636856072,1,2,9.2,25038
70637,70637,1185,Rural,Yes,2,18.2,21.6,11,2.732695850513203,0,0,9.2,1185
70638,70638,615,Rural,Yes,10,18.2,21.6,11,2.732695850513203,0,0,9.2,615
70639,70639,603,Rural,Yes,9,29.49,15.299999999999999,22,2.9410550648064064,0,0,10.9,603
70640,70640,212,Rural,Yes,3,0.8699999999999999,19.1,8,2.072683334882424,0,0,7.5,212
70643,70643,177,Rural,Yes,10,40.73,13.699999999999998,6,0.6058380760051404,0,0,7.7,177
70644,70644,279,Rural,Yes,10,18.2,21.6,11,2.732695850513203,0,0,9.2,279
70645,70645,830,Rural,Yes,2,40.73,13.699999999999998,6,0.6058380760051404,0,0,7.7,830
70646,70646,304,Urban,Yes,2,4.53,18.9,13,2.2617070740617735,0,0,10.5,304
70647,70647,12056,Urban,Yes,2,4.53,18.9,13,2.2617070740617735,0,0,10.5,12056
70648,70648,6994,Rural,Yes,2,18.2,21.6,11,2.732695850513203,0,1,9.2,6994
70650,70650,175,Rural,Yes,2,0.8699999999999999,19.1,8,2.072683334882424,0,0,7.5,175
70651,70651,364,Rural,Yes,10,18.2,21.6,11,2.732695850513203,0,0,9.2,364
70652,70652,2559,Rural,Yes,2,38.4,14.3,21,2.024457636856072,0,0,9.2,2559
70653,70653,3297,Rural,Yes,5,38.4,14.3,21,2.024457636856072,0,0,9.2,3297
70654,70654,164,Rural,Yes,10,18.2,21.6,11,2.732695850513203,0,0,9.2,164
70655,70655,2892,Rural,Yes,10,18.2,21.6,11,2.732695850513203,0,0,9.2,2892
70656,70656,3488,Rural,Yes,10,29.49,15.299999999999999,22,2.9410550648064064,0,0,10.9,3488
70657,70657,4807,Rural,Yes,2,38.4,14.3,21,2.024457636856072,0,0,9.2,4807
70658,70658,896,Rural,Yes,10,18.2,21.6,11,2.732695850513203,0,0,9.2,896
70659,70659,1543,Rural,Yes,5,29.49,15.299999999999999,22,2.9410550648064064,0,0,10.9,1543
70660,70660,1883,Rural,Yes,2,38.4,14.3,21,2.024457636856072,0,0,9.2,1883
70661,70661,1712,Rural,Yes,10,4.53,18.9,13,2.2617070740617735,0,0,10.5,1712
70662,70662,551,Rural,Yes,5,38.4,14.3,21,2.024457636856072,0,0,9.2,551
70663,70663,29511,Urban,Yes,1,4.53,18.9,13,2.2617070740617735,1,1,10.5,29511
70665,70665,12891,Urban,Yes,2,4.53,18.9,13,2.2617070740617735,0,0,10.5,12891
70668,70668,6347,Urban,Yes,2,4.53,18.9,13,2.2617070740617735,0,0,10.5,6347
70669,70669,9183,Urban,Yes,1,4.53,18.9,13,2.2617070740617735,0,0,10.5,9183
70706,70706,22621,Urban,Yes,1,1.69,12,8,1.4383824298413805,0,0,10.3,22621
70710,70710,7052,Urban,Yes,1,7.75,14.400000000000002,7,1.9761113343317382,0,0,8.7,7052
70711,70711,5621,Urban,Yes,2,1.69,12,8,1.4383824298413805,0,0,10.3,5621
70712,70712,4256,Rural,Yes,10,49.09,22.1,15,0.9701784086469593,0,0,8.1,4256
70714,70714,17449,Urban,Yes,1,1.8399999999999999,17.7,12,2.952666225028556,0,0,10.9,17449
70715,70715,895,Rural,Yes,10,13,20,11,2.2419136161146622,0,0,9.4,895
70717,70717,28646,Urban,Yes,1,13,20,11,2.2419136161146622,0,0,9.4,28646
70719,70719,4317,Urban,Yes,1,7.75,14.400000000000002,7,1.9761113343317382,0,0,8.7,4317
70720,70720,43652,Urban,Yes,1,7.75,14.400000000000002,7,1.9761113343317382,0,0,8.7,43652
70721,70721,368,Urban,Yes,2,8.14,18.7,2,2.7805362462760677,0,0,10.9,368
70722,70722,4596,Rural,Yes,2,17.1,18.7,0,2.817191034340942,0,0,10.1,4596
70723,70723,1115,Urban,Yes,2,0.84,16.6,9,3.1508213041314086,0,0,11,1115
70725,70725,995,Urban,Yes,1,1.03,9.6,10,1.3530435604419837,0,0,10.5,995
70726,70726,61965,Urban,Yes,1,1.69,12,8,1.4383824298413805,1,0,10.3,61965
70729,70729,1201,Urban,Yes,2,13,20,11,2.2419136161146622,0,0,9.4,1201
70730,70730,3520,Rural,Yes,2,17.1,18.7,0,2.817191034340942,0,0,10.1,3520
70732,70732,1098,Rural,Yes,2,13,20,11,2.2419136161146622,0,0,9.4,1098
70733,70733,1497,Urban,Yes,2,1.69,12,8,1.4383824298413805,0,0,10.3,1497
70734,70734,9880,Urban,Yes,1,1.03,9.6,10,1.3530435604419837,0,0,10.5,9880
70736,70736,308,Rural,Yes,2,13,20,11,2.2419136161146622,0,0,9.4,308
70737,70737,47971,Urban,Yes,1,1.03,9.6,10,1.3530435604419837,2,0,10.5,47971
70739,70739,13714,Urban,Yes,1,1.8399999999999999,17.7,12,2.952666225028556,0,0,10.9,13714
70740,70740,883,Urban,Yes,2,8.14,18.7,2,2.7805362462760677,0,0,10.9,883
70743,70743,756,Urban,Yes,2,0.84,16.6,9,3.1508213041314086,0,0,11,756
70744,70744,5857,Urban,Yes,2,1.69,12,8,1.4383824298413805,0,0,10.3,5857
70747,70747,743,Rural,Yes,10,13,20,11,2.2419136161146622,0,0,9.4,743
70748,70748,7016,Rural,Yes,2,17.1,18.7,0,2.817191034340942,2,2,10.1,7016
70749,70749,1768,Rural,Yes,2,13,20,11,2.2419136161146622,0,0,9.4,1768
70750,70750,1108,Rural,Yes,10,3.42,22.6,11,3.6185724320003874,0,0,9,1108
70752,70752,582,Rural,Yes,2,13,20,11,2.2419136161146622,0,0,9.4,582
70753,70753,582,Rural,Yes,10,13,20,11,2.2419136161146622,0,0,9.4,582
70754,70754,12153,Urban,Yes,2,1.69,12,8,1.4383824298413805,0,0,10.3,12153
70755,70755,1500,Rural,Yes,2,13,20,11,2.2419136161146622,0,0,9.4,1500
70756,70756,1066,Rural,Yes,2,13,20,11,2.2419136161146622,0,0,9.4,1066
70757,70757,2204,Urban,Yes,2,8.14,18.7,2,2.7805362462760677,0,0,10.9,2204
70759,70759,996,Rural,Yes,2,13,20,11,2.2419136161146622,0,0,9.4,996
70760,70760,6119,Rural,Yes,2,13,20,11,2.2419136161146622,0,1,9.4,6119
70761,70761,551,Rural,Yes,2,17.1,18.7,0,2.817191034340942,0,0,10.1,551
70762,70762,1028,Rural,Yes,2,13,20,11,2.2419136161146622,0,0,9.4,1028
70763,70763,4539,Urban,Yes,1,0.84,16.6,9,3.1508213041314086,0,0,11,4539
70764,70764,15046,Urban,Yes,1,8.14,18.7,2,2.7805362462760677,1,0,10.9,15046
70767,70767,15116,Urban,Yes,1,7.75,14.400000000000002,7,1.9761113343317382,0,0,8.7,15116
70769,70769,48074,Urban,Yes,1,1.03,9.6,10,1.3530435604419837,0,1,10.5,48074
70770,70770,3279,Urban,Yes,2,1.8399999999999999,17.7,12,2.952666225028556,0,0,10.9,3279
70772,70772,1083,Urban,Yes,2,8.14,18.7,2,2.7805362462760677,0,0,10.9,1083
70773,70773,14,Rural,Yes,2,13,20,11,2.2419136161146622,0,0,9.4,14
70774,70774,10093,Urban,Yes,1,1.03,9.6,10,1.3530435604419837,0,0,10.5,10093
70775,70775,10709,Rural,Yes,10,49.09,22.1,15,0.9701784086469593,0,2,8.1,10709
70776,70776,6304,Urban,Yes,2,8.14,18.7,2,2.7805362462760677,0,0,10.9,6304
70777,70777,4487,Rural,Yes,2,17.1,18.7,0,2.817191034340942,0,0,10.1,4487
70778,70778,2879,Urban,Yes,1,1.03,9.6,10,1.3530435604419837,0,0,10.5,2879
70780,70780,1017,Urban,Yes,2,8.14,18.7,2,2.7805362462760677,0,0,10.9,1017
70781,70781,8093,Urban,Yes,1,13,20,11,2.2419136161146622,0,0,9.4,8093
70782,70782,115,Rural,Yes,10,49.09,22.1,15,0.9701784086469593,0,0,8.1,115
70783,70783,2797,Rural,Yes,2,13,20,11,2.2419136161146622,0,0,9.4,2797
70785,70785,22863,Urban,Yes,1,1.69,12,8,1.4383824298413805,0,0,10.3,22863
70787,70787,239,Rural,Yes,2,49.09,22.1,15,0.9701784086469593,0,0,8.1,239
70788,70788,3967,Urban,Yes,2,8.14,18.7,2,2.7805362462760677,0,0,10.9,3967
70789,70789,768,Rural,Yes,2,17.1,18.7,0,2.817191034340942,0,0,10.1,768
70791,70791,30097,Urban,Yes,2,1.8399999999999999,17.7,12,2.952666225028556,2,1,10.9,30097
70801,70801,243,Urban,Yes,1,1.8399999999999999,17.7,12,2.952666225028556,0,0,10.9,243
70802,70802,23964,Urban,Yes,1,1.8399999999999999,17.7,12,2.952666225028556,0,0,10.9,23964
70805,70805,24145,Urban,Yes,1,1.8399999999999999,17.7,12,2.952666225028556,0,0,10.9,24145
70806,70806,28551,Urban,Yes,1,1.8399999999999999,17.7,12,2.952666225028556,4,1,10.9,28551
70807,70807,15574,Urban,Yes,1,1.8399999999999999,17.7,12,2.952666225028556,1,0,10.9,15574
70808,70808,36513,Urban,Yes,1,1.8399999999999999,17.7,12,2.952666225028556,0,1,10.9,36513
70809,70809,25649,Urban,Yes,1,1.8399999999999999,17.7,12,2.952666225028556,6,1,10.9,25649
70810,70810,42585,Urban,Yes,1,1.8399999999999999,17.7,12,2.952666225028556,2,2,10.9,42585
70811,70811,13178,Urban,Yes,1,1.8399999999999999,17.7,12,2.952666225028556,0,0,10.9,13178
70812,70812,11124,Urban,Yes,1,1.8399999999999999,17.7,12,2.952666225028556,1,0,10.9,11124
70814,70814,11424,Urban,Yes,1,1.8399999999999999,17.7,12,2.952666225028556,0,0,10.9,11424
70815,70815,31924,Urban,Yes,1,1.8399999999999999,17.7,12,2.952666225028556,0,0,10.9,31924
70816,70816,45207,Urban,Yes,1,1.8399999999999999,17.7,12,2.952666225028556,0,2,10.9,45207
70817,70817,33237,Urban,Yes,1,1.8399999999999999,17.7,12,2.952666225028556,0,3,10.9,33237
70818,70818,10403,Urban,Yes,1,1.8399999999999999,17.7,12,2.952666225028556,0,0,10.9,10403
70819,70819,4781,Urban,Yes,1,1.8399999999999999,17.7,12,2.952666225028556,0,0,10.9,4781
70820,70820,22397,Urban,Yes,1,1.8399999999999999,17.7,12,2.952666225028556,0,0,10.9,22397
70836,70836,546,Urban,Yes,1,1.8399999999999999,17.7,12,2.952666225028556,0,0,10.9,546
71001,71001,4209,Rural,Yes,10,60.65999999999999,24.4,19,5.371199259144929,0,2,8.5,4209
71002,71002,141,Rural,Yes,5,23.81,19.6,15,2.96440578472704,0,0,10.4,141
71003,71003,753,Rural,Yes,6,46.19,32.5,12,4.527212560726607,0,0,10.8,753
71004,71004,408,Urban,Yes,2,2.91,24.1,16,4.132752614715207,0,0,13.1,408
71006,71006,15341,Urban,Yes,2,6.32,16.4,11,2.3021951162736563,0,0,10.5,15341
71007,71007,1403,Urban,Yes,2,2.91,24.1,16,4.132752614715207,0,0,13.1,1403
71008,71008,359,Rural,Yes,10,60.65999999999999,24.4,19,5.371199259144929,0,0,8.5,359
71009,71009,95,Urban,Yes,1,2.91,24.1,16,4.132752614715207,0,0,13.1,95
71016,71016,1761,Rural,Yes,6,60.65999999999999,24.4,19,5.371199259144929,0,0,8.5,1761
71018,71018,1350,Rural,Yes,10,14.719999999999999,29.600000000000005,19,3.5064334484916078,0,0,10,1350
71019,71019,7366,Rural,Yes,10,66.56,23.9,4,1.8608308216485387,1,1,7.7,7366
71021,71021,512,Rural,Yes,8,14.719999999999999,29.600000000000005,19,3.5064334484916078,0,0,10,512
71023,71023,3020,Rural,Yes,2,14.719999999999999,29.600000000000005,19,3.5064334484916078,0,0,10,3020
71024,71024,1143,Rural,Yes,5,14.719999999999999,29.600000000000005,19,3.5064334484916078,0,0,10,1143
71027,71027,986,Rural,Yes,2,19.59,18,9,3.4748890794526677,0,0,9.9,986
71028,71028,1585,Rural,Yes,10,60.65999999999999,24.4,19,5.371199259144929,0,0,8.5,1585
71029,71029,149,Urban,Yes,2,2.91,24.1,16,4.132752614715207,0,0,13.1,149
71030,71030,1848,Rural,Yes,2,19.59,18,9,3.4748890794526677,0,0,9.9,1848
71031,71031,736,Rural,Yes,5,23.81,19.6,15,2.96440578472704,0,0,10.4,736
71032,71032,2298,Rural,Yes,2,19.59,18,9,3.4748890794526677,0,0,9.9,2298
71033,71033,3366,Urban,Yes,2,2.91,24.1,16,4.132752614715207,0,0,13.1,3366
71034,71034,272,Rural,Yes,10,66.56,23.9,4,1.8608308216485387,0,0,7.7,272
71037,71037,21834,Urban,Yes,1,6.32,16.4,11,2.3021951162736563,0,0,10.5,21834
71038,71038,3797,Rural,Yes,10,46.19,32.5,12,4.527212560726607,0,0,10.8,3797
71039,71039,2165,Rural,Yes,5,14.719999999999999,29.600000000000005,19,3.5064334484916078,0,0,10,2165
71040,71040,7705,Rural,Yes,10,46.19,32.5,12,4.527212560726607,0,1,10.8,7705
71043,71043,425,Urban,Yes,2,2.91,24.1,16,4.132752614715207,0,0,13.1,425
71044,71044,748,Urban,Yes,2,2.91,24.1,16,4.132752614715207,0,0,13.1,748
71045,71045,510,Rural,Yes,6,60.65999999999999,24.4,19,5.371199259144929,0,0,8.5,510
71046,71046,791,Rural,Yes,10,19.59,18,9,3.4748890794526677,0,0,9.9,791
71047,71047,10874,Urban,Yes,2,2.91,24.1,16,4.132752614715207,0,0,13.1,10874
71048,71048,114,Rural,Yes,10,46.19,32.5,12,4.527212560726607,0,0,10.8,114
71049,71049,3366,Rural,Yes,10,19.59,18,9,3.4748890794526677,0,0,9.9,3366
71051,71051,2683,Urban,Yes,1,6.32,16.4,11,2.3021951162736563,0,0,10.5,2683
71052,71052,8827,Rural,Yes,7,19.59,18,9,3.4748890794526677,0,1,9.9,8827
71055,71055,17406,Rural,Yes,4,14.719999999999999,29.600000000000005,19,3.5064334484916078,0,1,10,17406
71060,71060,2496,Urban,Yes,2,2.91,24.1,16,4.132752614715207,0,0,13.1,2496
71061,71061,1834,Urban,Yes,2,2.91,24.1,16,4.132752614715207,0,0,13.1,1834
71063,71063,698,Rural,Yes,3,19.59,18,9,3.4748890794526677,0,0,9.9,698
71064,71064,3993,Urban,Yes,2,6.32,16.4,11,2.3021951162736563,0,0,10.5,3993
71065,71065,988,Rural,Yes,10,50.95,18.4,12,3.201404835877347,0,0,8.4,988
71066,71066,9,Rural,Yes,5,23.81,19.6,15,2.96440578472704,0,0,10.4,9
71067,71067,3245,Urban,Yes,2,6.32,16.4,11,2.3021951162736563,0,0,10.5,3245
71068,71068,3325,Rural,Yes,2,60.65999999999999,24.4,19,5.371199259144929,0,0,8.5,3325
71069,71069,492,Urban,Yes,2,2.91,24.1,16,4.132752614715207,0,0,13.1,492
71070,71070,1382,Rural,Yes,10,60.65999999999999,24.4,19,5.371199259144929,0,0,8.5,1382
71071,71071,2184,Rural,Yes,10,14.719999999999999,29.600000000000005,19,3.5064334484916078,0,0,10,2184
71072,71072,1376,Rural,Yes,9,14.719999999999999,29.600000000000005,19,3.5064334484916078,0,0,10,1376
71073,71073,2686,Rural,Yes,5,14.719999999999999,29.600000000000005,19,3.5064334484916078,0,0,10,2686
71075,71075,5417,Rural,Yes,7,14.719999999999999,29.600000000000005,19,3.5064334484916078,0,2,10,5417
71078,71078,7713,Rural,Yes,2,19.59,18,9,3.4748890794526677,0,0,9.9,7713
71079,71079,236,Rural,Yes,10,46.19,32.5,12,4.527212560726607,0,0,10.8,236
71082,71082,3774,Rural,Yes,10,2.91,24.1,16,4.132752614715207,0,2,13.1,3774
71101,71101,6174,Urban,Yes,1,2.91,24.1,16,4.132752614715207,1,4,13.1,6174
71103,71103,6142,Urban,Yes,1,2.91,24.1,16,4.132752614715207,1,3,13.1,6142
71104,71104,12579,Urban,Yes,1,2.91,24.1,16,4.132752614715207,1,0,13.1,12579
71105,71105,20351,Urban,Yes,1,2.91,24.1,16,4.132752614715207,2,1,13.1,20351
71106,71106,33651,Urban,Yes,1,2.91,24.1,16,4.132752614715207,2,0,13.1,33651
71107,71107,31807,Urban,Yes,1,2.91,24.1,16,4.132752614715207,0,0,13.1,31807
71108,71108,19012,Urban,Yes,1,2.91,24.1,16,4.132752614715207,0,0,13.1,19012
71109,71109,17292,Urban,Yes,1,2.91,24.1,16,4.132752614715207,0,0,13.1,17292
71110,71110,2828,Urban,Yes,1,6.32,16.4,11,2.3021951162736563,0,0,10.5,2828
71111,71111,43302,Urban,Yes,1,6.32,16.4,11,2.3021951162736563,1,0,10.5,43302
71112,71112,32975,Urban,Yes,1,6.32,16.4,11,2.3021951162736563,2,1,10.5,32975
71115,71115,15034,Urban,Yes,1,2.91,24.1,16,4.132752614715207,3,0,13.1,15034
71118,71118,24994,Urban,Yes,1,2.91,24.1,16,4.132752614715207,0,0,13.1,24994
71119,71119,10364,Urban,Yes,1,2.91,24.1,16,4.132752614715207,0,0,13.1,10364
71129,71129,12395,Urban,Yes,1,2.91,24.1,16,4.132752614715207,0,0,13.1,12395
71201,71201,21084,Urban,Yes,1,2.14,23.9,15,3.2847698718551244,2,2,9.3,21084
71202,71202,26791,Urban,Yes,1,2.14,23.9,15,3.2847698718551244,1,2,9.3,26791
71203,71203,38770,Urban,Yes,1,2.14,23.9,15,3.2847698718551244,1,0,9.3,38770
71218,71218,0,Rural,Yes,10,38.48,25.1,7,2.2518474136209305,0,0,8.8,0
71219,71219,1141,Rural,Yes,10,53.510000000000005,25.8,13,1.9390441474281086,0,0,7.8,1141
71220,71220,20426,Rural,Yes,4,5.18,31,14,3.848573001022093,2,1,9.4,20426
71222,71222,2621,Rural,Yes,10,45.88,19.4,15,2.4799277875433514,0,1,7.8,2621
71223,71223,377,Rural,Yes,5,5.18,31,14,3.848573001022093,0,0,9.4,377
71225,71225,7450,Urban,Yes,2,2.14,23.9,15,3.2847698718551244,0,0,9.3,7450
71226,71226,1806,Rural,Yes,3,30.36,19.2,11,3.8560922281852514,0,0,7.7,1806
71227,71227,4099,Rural,Yes,5,15.03,29.5,19,3.2282763901247855,0,0,7.6,4099
71229,71229,1462,Rural,Yes,3,5.18,31,14,3.848573001022093,0,0,9.4,1462
71232,71232,6003,Rural,Yes,10,38.48,25.1,7,2.2518474136209305,0,2,8.8,6003
71234,71234,5237,Rural,Yes,2,45.88,19.4,15,2.4799277875433514,0,0,7.8,5237
71235,71235,3979,Rural,Yes,5,15.03,29.5,19,3.2282763901247855,0,0,7.6,3979
71237,71237,1268,Rural,Yes,10,55.059999999999995,21,2,1.3775510204081634,0,0,8.1,1268
71238,71238,2399,Urban,Yes,2,2.14,23.9,15,3.2847698718551244,0,0,9.3,2399
71241,71241,7773,Rural,Yes,2,45.88,19.4,15,2.4799277875433514,0,1,7.8,7773
71243,71243,193,Rural,Yes,10,53.510000000000005,25.8,13,1.9390441474281086,0,0,7.8,193
71245,71245,4176,Rural,Yes,4,15.03,29.5,19,3.2282763901247855,0,0,7.6,4176
71247,71247,1225,Rural,Yes,10,30.36,19.2,11,3.8560922281852514,0,0,7.7,1225
71250,71250,40,Rural,Yes,5,5.18,31,14,3.848573001022093,0,0,9.4,40
71251,71251,7724,Rural,Yes,10,30.36,19.2,11,3.8560922281852514,0,1,7.7,7724
71253,71253,362,Rural,Yes,10,55.059999999999995,21,2,1.3775510204081634,0,0,8.1,362
71254,71254,6500,Rural,Yes,10,31.89,38.4,22,3.920770587437254,0,1,8.8,6500
71256,71256,699,Rural,Yes,6,45.88,19.4,15,2.4799277875433514,0,0,7.8,699
71259,71259,1713,Rural,Yes,10,38.48,25.1,7,2.2518474136209305,0,0,8.8,1713
71260,71260,3232,Rural,Yes,10,45.88,19.4,15,2.4799277875433514,0,0,7.8,3232
71261,71261,1429,Rural,Yes,2,5.18,31,14,3.848573001022093,0,0,9.4,1429
71263,71263,6241,Rural,Yes,10,55.059999999999995,21,2,1.3775510204081634,0,2,8.1,6241
71264,71264,1167,Rural,Yes,2,5.18,31,14,3.848573001022093,0,0,9.4,1167
71266,71266,1783,Rural,Yes,10,55.059999999999995,21,2,1.3775510204081634,0,0,8.1,1783
71268,71268,2262,Rural,Yes,10,30.36,19.2,11,3.8560922281852514,0,0,7.7,2262
71269,71269,12475,Rural,Yes,2,38.48,25.1,7,2.2518474136209305,0,1,8.8,12475
71270,71270,32747,Rural,Yes,4,15.03,29.5,19,3.2282763901247855,2,1,7.6,32747
71275,71275,2565,Rural,Yes,5,15.03,29.5,19,3.2282763901247855,0,0,7.6,2565
71276,71276,223,Rural,Yes,10,31.89,38.4,22,3.920770587437254,0,0,8.8,223
71277,71277,1792,Rural,Yes,6,45.88,19.4,15,2.4799277875433514,0,0,7.8,1792
71280,71280,4999,Urban,Yes,2,2.14,23.9,15,3.2847698718551244,1,0,9.3,4999
71282,71282,8998,Rural,Yes,7,25.900000000000002,41.1,3,4.108496210610292,0,1,8.8,8998
71286,71286,436,Rural,Yes,10,31.89,38.4,22,3.920770587437254,0,0,8.8,436
71291,71291,35345,Urban,Yes,1,2.14,23.9,15,3.2847698718551244,1,1,9.3,35345
71292,71292,21866,Urban,Yes,1,2.14,23.9,15,3.2847698718551244,0,0,9.3,21866
71295,71295,14008,Rural,Yes,7,53.510000000000005,25.8,13,1.9390441474281086,0,1,7.8,14008
71301,71301,17266,Urban,Yes,1,5.97,18.3,19,3.5796998517786562,5,4,13.3,17266
71302,71302,14128,Urban,Yes,1,5.97,18.3,19,3.5796998517786562,0,0,13.3,14128
71303,71303,24532,Urban,Yes,1,5.97,18.3,19,3.5796998517786562,4,1,13.3,24532
71316,71316,42,Rural,Yes,10,15.64,27.500000000000004,21,3.967446592065107,0,0,11.2,42
71320,71320,108,Rural,Yes,8,3.9900000000000007,24.4,12,3.640365301424271,0,0,9.7,108
71322,71322,5257,Rural,Yes,10,3.9900000000000007,24.4,12,3.640365301424271,2,1,9.7,5257
71323,71323,1103,Rural,Yes,2,3.9900000000000007,24.4,12,3.640365301424271,0,0,9.7,1103
71325,71325,1132,Urban,Yes,2,5.97,18.3,19,3.5796998517786562,0,0,13.3,1132
71326,71326,751,Rural,Yes,10,15.64,27.500000000000004,21,3.967446592065107,0,0,11.2,751
71327,71327,6100,Rural,Yes,10,3.9900000000000007,24.4,12,3.640365301424271,0,0,9.7,6100
71328,71328,8081,Urban,Yes,2,5.97,18.3,19,3.5796998517786562,0,0,13.3,8081
71330,71330,49,Urban,Yes,2,5.97,18.3,19,3.5796998517786562,0,0,13.3,49
71331,71331,765,Rural,Yes,2,3.9900000000000007,24.4,12,3.640365301424271,0,0,9.7,765
71333,71333,412,Rural,Yes,10,3.9900000000000007,24.4,12,3.640365301424271,0,0,9.7,412
71334,71334,9382,Rural,Yes,7,15.64,27.500000000000004,21,3.967446592065107,1,1,11.2,9382
71336,71336,1404,Rural,Yes,9,53.510000000000005,25.8,13,1.9390441474281086,0,0,7.8,1404
71339,71339,0,Rural,Yes,10,3.9900000000000007,24.4,12,3.640365301424271,0,0,9.7,0
71340,71340,1970,Rural,Yes,10,63.07000000000001,26.400000000000002,14,3.5075885328836427,0,0,8.3,1970
71341,71341,2901,Rural,Yes,2,3.9900000000000007,24.4,12,3.640365301424271,0,0,9.7,2901
71342,71342,7389,Rural,Yes,10,43.25,16.9,12,1.4968843131942562,0,1,7.6,7389
71343,71343,6571,Rural,Yes,10,63.07000000000001,26.400000000000002,14,3.5075885328836427,0,0,8.3,6571
71345,71345,35,Rural,Yes,2,3.42,22.6,11,3.6185724320003874,0,0,9,35
71346,71346,2700,Urban,Yes,2,5.97,18.3,19,3.5796998517786562,1,0,13.3,2700
71350,71350,4556,Rural,Yes,8,3.9900000000000007,24.4,12,3.640365301424271,0,0,9.7,4556
71351,71351,11494,Rural,Yes,7,3.9900000000000007,24.4,12,3.640365301424271,0,1,9.7,11494
71353,71353,1609,Rural,Yes,10,3.42,22.6,11,3.6185724320003874,0,0,9,1609
71354,71354,1382,Rural,Yes,10,15.64,27.500000000000004,21,3.967446592065107,0,0,11.2,1382
71355,71355,2192,Rural,Yes,9,3.9900000000000007,24.4,12,3.640365301424271,0,0,9.7,2192
71356,71356,585,Rural,Yes,10,3.42,22.6,11,3.6185724320003874,0,0,9,585
71357,71357,1448,Rural,Yes,10,53.37,28.9,39,3.3680639689847345,0,0,8.4,1448
71358,71358,1006,Rural,Yes,2,3.42,22.6,11,3.6185724320003874,0,0,9,1006
71360,71360,35649,Urban,Yes,1,5.97,18.3,19,3.5796998517786562,0,1,13.3,35649
71362,71362,2315,Rural,Yes,9,3.9900000000000007,24.4,12,3.640365301424271,0,0,9.7,2315
71366,71366,1454,Rural,Yes,10,53.37,28.9,39,3.3680639689847345,0,0,8.4,1454
71367,71367,2007,Rural,Yes,9,15.7,28.6,6,4.175042523581259,0,0,9,2007
71368,71368,1313,Rural,Yes,10,63.07000000000001,26.400000000000002,14,3.5075885328836427,0,0,8.3,1313
71369,71369,2255,Rural,Yes,10,3.9900000000000007,24.4,12,3.640365301424271,0,0,9.7,2255
71371,71371,1963,Rural,Yes,10,43.25,16.9,12,1.4968843131942562,0,0,7.6,1963
71373,71373,5754,Rural,Yes,4,15.64,27.500000000000004,21,3.967446592065107,1,0,11.2,5754
71375,71375,1090,Rural,Yes,10,53.37,28.9,39,3.3680639689847345,0,0,8.4,1090
71377,71377,23666,Rural,Yes,10,15.64,27.500000000000004,21,3.967446592065107,0,0,11.2,23666
71378,71378,2187,Rural,Yes,10,53.510000000000005,25.8,13,1.9390441474281086,0,0,7.8,2187
71401,71401,44,Rural,Yes,10,63.07000000000001,26.400000000000002,14,3.5075885328836427,0,0,8.3,44
71403,71403,3792,Rural,Yes,8,29.49,15.299999999999999,22,2.9410550648064064,0,0,10.9,3792
71404,71404,742,Rural,Yes,9,35.96,23.4,6,3.3735821441639224,0,0,7.9,742
71406,71406,87,Rural,Yes,10,50.95,18.4,12,3.201404835877347,0,0,8.4,87
71407,71407,1293,Rural,Yes,2,38.61,18.6,9,2.2718052738336714,0,0,8.6,1293
71409,71409,5672,Urban,Yes,2,5.97,18.3,19,3.5796998517786562,0,0,13.3,5672
71410,71410,83,Rural,Yes,9,35.96,23.4,6,3.3735821441639224,0,0,7.9,83
71411,71411,2467,Rural,Yes,10,23.81,19.6,15,2.96440578472704,0,0,10.4,2467
71414,71414,203,Rural,Yes,5,23.81,19.6,15,2.96440578472704,0,0,10.4,203
71415,71415,310,Rural,Yes,10,32.75,19.5,4,3.3236694967902256,0,0,7.7,310
71416,71416,680,Rural,Yes,5,23.81,19.6,15,2.96440578472704,0,0,10.4,680
71417,71417,4681,Rural,Yes,2,38.61,18.6,9,2.2718052738336714,0,0,8.6,4681
71418,71418,5351,Rural,Yes,10,32.75,19.5,4,3.3236694967902256,0,3,7.7,5351
71419,71419,1865,Rural,Yes,10,50.95,18.4,12,3.201404835877347,0,0,8.4,1865
71422,71422,1751,Rural,Yes,8,35.96,23.4,6,3.3735821441639224,0,0,7.9,1751
71423,71423,5058,Rural,Yes,2,38.61,18.6,9,2.2718052738336714,0,0,8.6,5058
71424,71424,1401,Urban,Yes,2,5.97,18.3,19,3.5796998517786562,0,0,13.3,1401
71425,71425,10,Rural,Yes,10,63.07000000000001,26.400000000000002,14,3.5075885328836427,0,0,8.3,10
71426,71426,123,Rural,Yes,10,50.95,18.4,12,3.201404835877347,0,0,8.4,123
71427,71427,232,Urban,Yes,2,5.97,18.3,19,3.5796998517786562,0,0,13.3,232
71429,71429,3101,Rural,Yes,10,50.95,18.4,12,3.201404835877347,0,0,8.4,3101
71430,71430,2527,Urban,Yes,2,5.97,18.3,19,3.5796998517786562,0,0,13.3,2527
71432,71432,824,Rural,Yes,3,38.61,18.6,9,2.2718052738336714,0,0,8.6,824
71433,71433,3984,Urban,Yes,2,5.97,18.3,19,3.5796998517786562,0,0,13.3,3984
71434,71434,91,Rural,Yes,5,23.81,19.6,15,2.96440578472704,0,0,10.4,91
71435,71435,3533,Rural,Yes,10,32.75,19.5,4,3.3236694967902256,0,0,7.7,3533
71438,71438,877,Urban,Yes,2,5.97,18.3,19,3.5796998517786562,0,0,13.3,877
71439,71439,1715,Rural,Yes,8,29.49,15.299999999999999,22,2.9410550648064064,0,0,10.9,1715
71441,71441,812,Rural,Yes,10,32.75,19.5,4,3.3236694967902256,0,0,7.7,812
71446,71446,22047,Rural,Yes,8,29.49,15.299999999999999,22,2.9410550648064064,5,2,10.9,22047
71447,71447,1092,Urban,Yes,2,5.97,18.3,19,3.5796998517786562,0,0,13.3,1092
71449,71449,8818,Rural,Yes,10,50.95,18.4,12,3.201404835877347,0,2,8.4,8818
71450,71450,828,Rural,Yes,5,23.81,19.6,15,2.96440578472704,0,0,10.4,828
71452,71452,78,Rural,Yes,5,23.81,19.6,15,2.96440578472704,0,0,10.4,78
71454,71454,2922,Rural,Yes,2,38.61,18.6,9,2.2718052738336714,0,0,8.6,2922
71455,71455,214,Urban,Yes,2,5.97,18.3,19,3.5796998517786562,0,0,13.3,214
71456,71456,796,Rural,Yes,5,23.81,19.6,15,2.96440578472704,0,0,10.4,796
71457,71457,25485,Rural,Yes,4,23.81,19.6,15,2.96440578472704,1,1,10.4,25485
71459,71459,10090,Rural,Yes,7,29.49,15.299999999999999,22,2.9410550648064064,0,0,10.9,10090
71461,71461,2253,Rural,Yes,7,29.49,15.299999999999999,22,2.9410550648064064,0,0,10.9,2253
71462,71462,1562,Rural,Yes,10,50.95,18.4,12,3.201404835877347,0,0,8.4,1562
71463,71463,9007,Rural,Yes,7,18.2,21.6,11,2.732695850513203,0,2,9.2,9007
71465,71465,3446,Rural,Yes,10,43.25,16.9,12,1.4968843131942562,0,1,7.6,3446
71466,71466,323,Urban,Yes,2,5.97,18.3,19,3.5796998517786562,0,0,13.3,323
71467,71467,8087,Rural,Yes,2,38.61,18.6,9,2.2718052738336714,0,0,8.6,8087
71468,71468,451,Rural,Yes,5,23.81,19.6,15,2.96440578472704,0,0,10.4,451
71469,71469,2914,Rural,Yes,5,23.81,19.6,15,2.96440578472704,0,0,10.4,2914
71472,71472,3,Urban,Yes,2,5.97,18.3,19,3.5796998517786562,0,0,13.3,3
71473,71473,478,Rural,Yes,8,35.96,23.4,6,3.3735821441639224,0,0,7.9,478
71474,71474,373,Rural,Yes,8,29.49,15.299999999999999,22,2.9410550648064064,0,0,10.9,373
71479,71479,743,Rural,Yes,10,43.25,16.9,12,1.4968843131942562,0,0,7.6,743
71480,71480,1186,Rural,Yes,10,43.25,16.9,12,1.4968843131942562,0,0,7.6,1186
71483,71483,9360,Rural,Yes,7,35.96,23.4,6,3.3735821441639224,1,2,7.9,9360
71485,71485,2929,Urban,Yes,2,5.97,18.3,19,3.5796998517786562,0,0,13.3,2929
71486,71486,5042,Rural,Yes,10,50.95,18.4,12,3.201404835877347,0,0,8.4,5042
71749,71749,27631,Rural,Yes,1,45.88,19.4,15,2.4799277875433514,0,0,7.8,27631
